Age,Sexe,Profession,Type_logement,Compte_epargne,Compte_courant,Credit_amount,Duration
67,homme,qualifié,propriétaire,,moins de 500,1169,6
22,femme,qualifié,propriétaire,moins de 3000,entre 500 et 3000,5951,48
49,homme,non qualifié,propriétaire,moins de 3000,,2096,12
45,homme,qualifié,gratuit,moins de 3000,moins de 500,7882,42
53,homme,qualifié,gratuit,moins de 3000,moins de 500,4870,24
35,homme,non qualifié,gratuit,,,9055,36
53,homme,qualifié,propriétaire,plus de 30000,,2835,24
35,homme,hautement qualifié,location,moins de 3000,entre 500 et 3000,6948,36
61,homme,non qualifié,propriétaire,entre 10000 et 30000,,3059,12
28,homme,hautement qualifié,propriétaire,moins de 3000,entre 500 et 3000,5234,30
25,femme,qualifié,location,moins de 3000,entre 500 et 3000,1295,12
24,femme,qualifié,location,moins de 3000,moins de 500,4308,48
22,femme,qualifié,propriétaire,moins de 3000,entre 500 et 3000,1567,12
60,homme,non qualifié,propriétaire,moins de 3000,moins de 500,1199,24
28,femme,qualifié,location,moins de 3000,moins de 500,1403,15
32,femme,non qualifié,propriétaire,entre 3000 et 10000,moins de 500,1282,24
53,homme,qualifié,propriétaire,,,2424,24
25,homme,qualifié,propriétaire,,moins de 500,8072,30
44,femme,hautement qualifié,gratuit,moins de 3000,entre 500 et 3000,12579,24
31,homme,qualifié,propriétaire,plus de 30000,,3430,24
48,homme,qualifié,propriétaire,moins de 3000,,2134,9
44,homme,qualifié,location,plus de 30000,moins de 500,2647,6
48,homme,non qualifié,location,moins de 3000,moins de 500,2241,10
44,homme,qualifié,propriétaire,entre 3000 et 10000,entre 500 et 3000,1804,12
26,homme,qualifié,propriétaire,,,2069,10
36,homme,non qualifié,propriétaire,moins de 3000,moins de 500,1374,6
39,homme,non qualifié,propriétaire,moins de 3000,,426,6
42,femme,qualifié,location,entre 10000 et 30000,plus de 3000,409,12
34,homme,qualifié,propriétaire,moins de 3000,entre 500 et 3000,2415,7
63,homme,qualifié,propriétaire,moins de 3000,moins de 500,6836,60
36,homme,qualifié,propriétaire,entre 10000 et 30000,entre 500 et 3000,1913,18
27,homme,qualifié,propriétaire,moins de 3000,moins de 500,4020,24
30,homme,qualifié,propriétaire,entre 3000 et 10000,entre 500 et 3000,5866,18
57,homme,non qualifié,location,,,1264,12
33,femme,hautement qualifié,propriétaire,moins de 3000,plus de 3000,1474,12
25,homme,non qualifié,propriétaire,moins de 3000,entre 500 et 3000,4746,45
31,homme,qualifié,gratuit,moins de 3000,,6110,48
37,homme,qualifié,propriétaire,moins de 3000,plus de 3000,2100,18
37,homme,qualifié,propriétaire,moins de 3000,plus de 3000,1225,10
24,homme,qualifié,propriétaire,moins de 3000,entre 500 et 3000,458,9
30,homme,hautement qualifié,propriétaire,plus de 30000,,2333,30
26,homme,qualifié,propriétaire,plus de 30000,entre 500 et 3000,1158,12
44,homme,non qualifié,propriétaire,moins de 3000,entre 500 et 3000,6204,18
24,homme,qualifié,location,entre 3000 et 10000,moins de 500,6187,30
58,femme,non qualifié,gratuit,moins de 3000,moins de 500,6143,48
35,femme,hautement qualifié,propriétaire,moins de 3000,,1393,11
39,homme,qualifié,propriétaire,plus de 30000,,2299,36
23,femme,non qualifié,location,plus de 30000,moins de 500,1352,6
39,homme,non qualifié,propriétaire,moins de 3000,,7228,11
28,femme,qualifié,propriétaire,entre 3000 et 10000,,2073,12
29,homme,non qualifié,propriétaire,,entre 500 et 3000,2333,24
30,homme,hautement qualifié,propriétaire,moins de 3000,entre 500 et 3000,5965,27
25,homme,qualifié,propriétaire,moins de 3000,,1262,12
31,homme,qualifié,propriétaire,,,3378,18
57,homme,qualifié,gratuit,moins de 3000,entre 500 et 3000,2225,36
26,homme,non qualifié,propriétaire,,,783,6
52,homme,hautement qualifié,propriétaire,,entre 500 et 3000,6468,12
31,femme,qualifié,propriétaire,moins de 3000,,9566,36
23,femme,hautement qualifié,propriétaire,moins de 3000,plus de 3000,1961,18
23,femme,non qualifié,location,moins de 3000,moins de 500,6229,36
27,homme,qualifié,propriétaire,moins de 3000,entre 500 et 3000,1391,9
50,homme,qualifié,propriétaire,,entre 500 et 3000,1537,15
61,homme,hautement qualifié,gratuit,moins de 3000,entre 500 et 3000,1953,36
25,homme,qualifié,propriétaire,moins de 3000,entre 500 et 3000,14421,48
26,femme,qualifié,propriétaire,moins de 3000,,3181,24
48,homme,qualifié,propriétaire,,,5190,27
29,femme,qualifié,propriétaire,moins de 3000,,2171,12
22,homme,qualifié,propriétaire,entre 10000 et 30000,entre 500 et 3000,1007,12
37,homme,qualifié,gratuit,moins de 3000,,1819,36
25,femme,qualifié,propriétaire,,,2394,36
30,femme,qualifié,propriétaire,moins de 3000,,8133,36
46,homme,non qualifié,location,,,730,7
51,homme,hautement qualifié,gratuit,moins de 3000,moins de 500,1164,8
41,femme,non qualifié,propriétaire,moins de 3000,entre 500 et 3000,5954,42
40,homme,hautement qualifié,propriétaire,,moins de 500,1977,36
66,homme,hautement qualifié,gratuit,moins de 3000,moins de 500,1526,12
34,homme,qualifié,propriétaire,moins de 3000,moins de 500,3965,42
51,homme,qualifié,propriétaire,moins de 3000,entre 500 et 3000,4771,11
39,homme,non qualifié,propriétaire,,,9436,54
22,homme,qualifié,propriétaire,moins de 3000,entre 500 et 3000,3832,30
44,femme,qualifié,propriétaire,,,5943,24
47,homme,qualifié,propriétaire,plus de 30000,,1213,15
24,femme,non qualifié,location,entre 3000 et 10000,,1568,18
58,femme,non qualifié,propriétaire,moins de 3000,moins de 500,1755,24
52,homme,non qualifié,propriétaire,moins de 3000,moins de 500,2315,10
29,femme,hautement qualifié,propriétaire,moins de 3000,,1412,12
27,femme,qualifié,propriétaire,moins de 3000,entre 500 et 3000,1295,18
47,homme,qualifié,gratuit,entre 3000 et 10000,entre 500 et 3000,12612,36
30,homme,hautement qualifié,propriétaire,entre 3000 et 10000,moins de 500,2249,18
28,homme,qualifié,propriétaire,moins de 3000,moins de 500,1108,12
56,homme,qualifié,propriétaire,moins de 3000,,618,12
54,homme,qualifié,propriétaire,moins de 3000,moins de 500,1409,12
33,femme,non qualifié,propriétaire,,,797,12
20,homme,qualifié,location,,plus de 3000,3617,24
54,homme,qualifié,propriétaire,entre 10000 et 30000,entre 500 et 3000,1318,12
58,homme,qualifié,location,moins de 3000,entre 500 et 3000,15945,54
61,femme,qualifié,propriétaire,,,2012,12
34,homme,qualifié,propriétaire,entre 3000 et 10000,entre 500 et 3000,2622,18
36,homme,qualifié,propriétaire,moins de 3000,entre 500 et 3000,2337,36
36,homme,hautement qualifié,location,,entre 500 et 3000,7057,20
41,homme,non qualifié,location,entre 3000 et 10000,,1469,24
24,homme,qualifié,location,moins de 3000,entre 500 et 3000,2323,36
24,femme,qualifié,propriétaire,moins de 3000,,932,6
35,homme,qualifié,location,moins de 3000,entre 500 et 3000,1919,9
26,homme,qualifié,location,,,2445,12
39,homme,hautement qualifié,propriétaire,moins de 3000,entre 500 et 3000,11938,24
39,homme,hautement qualifié,propriétaire,moins de 3000,,6458,18
32,homme,qualifié,propriétaire,moins de 3000,entre 500 et 3000,6078,12
30,femme,qualifié,propriétaire,,moins de 500,7721,24
35,homme,qualifié,propriétaire,plus de 30000,entre 500 et 3000,1410,14
31,homme,qualifié,propriétaire,entre 3000 et 10000,entre 500 et 3000,1449,6
23,femme,qualifié,location,moins de 3000,plus de 3000,392,15
28,homme,non qualifié,location,moins de 3000,entre 500 et 3000,6260,18
25,femme,qualifié,propriétaire,moins de 3000,,7855,36
35,homme,qualifié,propriétaire,plus de 30000,moins de 500,1680,12
47,homme,qualifié,propriétaire,,,3578,48
30,femme,hautement qualifié,propriétaire,,moins de 500,7174,42
27,femme,qualifié,location,,moins de 500,2132,10
23,femme,qualifié,propriétaire,plus de 30000,moins de 500,4281,33
36,homme,hautement qualifié,propriétaire,plus de 30000,entre 500 et 3000,2366,12
25,femme,qualifié,propriétaire,moins de 3000,moins de 500,1835,21
41,femme,hautement qualifié,location,moins de 3000,,3868,24
24,homme,non qualifié,location,moins de 3000,,1768,12
63,homme,qualifié,gratuit,moins de 3000,plus de 3000,781,10
27,femme,qualifié,location,,entre 500 et 3000,1924,18
30,homme,qualifié,propriétaire,moins de 3000,moins de 500,2121,12
40,homme,non qualifié,propriétaire,moins de 3000,moins de 500,701,12
30,homme,qualifié,propriétaire,moins de 3000,entre 500 et 3000,639,12
34,homme,hautement qualifié,propriétaire,moins de 3000,entre 500 et 3000,1860,12
29,femme,qualifié,propriétaire,moins de 3000,moins de 500,3499,12
24,femme,qualifié,propriétaire,,entre 500 et 3000,8487,48
29,homme,qualifié,propriétaire,moins de 3000,moins de 500,6887,36
27,homme,non qualifié,propriétaire,moins de 3000,,2708,15
47,homme,qualifié,gratuit,moins de 3000,,1984,18
21,femme,qualifié,propriétaire,entre 3000 et 10000,,10144,60
38,femme,qualifié,propriétaire,,,1240,12
27,homme,qualifié,propriétaire,entre 10000 et 30000,,8613,27
66,homme,non qualifié,propriétaire,plus de 30000,entre 500 et 3000,766,12
35,homme,qualifié,propriétaire,,entre 500 et 3000,2728,15
44,femme,non qualifié,location,moins de 3000,plus de 3000,1881,12
27,homme,non qualifié,propriétaire,entre 10000 et 30000,plus de 3000,709,6
30,femme,hautement qualifié,propriétaire,moins de 3000,entre 500 et 3000,4795,36
27,homme,hautement qualifié,propriétaire,moins de 3000,moins de 500,3416,27
22,homme,qualifié,propriétaire,moins de 3000,moins de 500,2462,18
23,femme,qualifié,propriétaire,moins de 3000,,2288,21
30,homme,qualifié,propriétaire,entre 3000 et 10000,entre 500 et 3000,3566,48
39,femme,qualifié,propriétaire,moins de 3000,moins de 500,860,6
51,femme,qualifié,propriétaire,entre 3000 et 10000,,682,12
28,homme,qualifié,propriétaire,moins de 3000,moins de 500,5371,36
46,homme,qualifié,propriétaire,entre 10000 et 30000,,1582,18
42,homme,qualifié,gratuit,entre 3000 et 10000,,1346,6
38,homme,qualifié,propriétaire,moins de 3000,,1924,10
24,homme,qualifié,propriétaire,moins de 3000,plus de 3000,5848,36
29,femme,qualifié,location,entre 10000 et 30000,entre 500 et 3000,7758,24
36,homme,hautement qualifié,location,entre 3000 et 10000,entre 500 et 3000,6967,24
20,femme,qualifié,location,moins de 3000,moins de 500,1282,12
48,homme,qualifié,propriétaire,entre 3000 et 10000,moins de 500,1288,9
45,homme,non qualifié,propriétaire,moins de 3000,moins de 500,339,12
38,homme,qualifié,propriétaire,entre 3000 et 10000,entre 500 et 3000,3512,24
34,homme,non qualifié,propriétaire,,,1898,6
36,homme,qualifié,propriétaire,entre 3000 et 10000,,2872,24
30,femme,qualifié,propriétaire,moins de 3000,,1055,18
36,homme,qualifié,propriétaire,plus de 30000,,1262,15
70,homme,hautement qualifié,gratuit,moins de 3000,entre 500 et 3000,7308,10
36,homme,qualifié,propriétaire,plus de 30000,,909,36
32,homme,qualifié,propriétaire,plus de 30000,,2978,6
33,femme,qualifié,propriétaire,moins de 3000,moins de 500,1131,18
20,femme,qualifié,propriétaire,entre 10000 et 30000,entre 500 et 3000,1577,11
25,femme,qualifié,location,moins de 3000,,3972,24
31,homme,qualifié,propriétaire,moins de 3000,entre 500 et 3000,1935,24
33,homme,qualifié,location,moins de 3000,moins de 500,950,15
26,femme,qualifié,propriétaire,moins de 3000,,763,12
34,femme,hautement qualifié,propriétaire,moins de 3000,entre 500 et 3000,2064,24
33,homme,qualifié,propriétaire,moins de 3000,entre 500 et 3000,1414,8
26,homme,qualifié,propriétaire,moins de 3000,moins de 500,3414,21
53,femme,hautement qualifié,propriétaire,,,7485,30
42,homme,qualifié,propriétaire,moins de 3000,moins de 500,2577,12
52,homme,qualifié,propriétaire,plus de 30000,moins de 500,338,6
31,homme,hautement qualifié,location,moins de 3000,,1963,12
65,homme,qualifié,propriétaire,moins de 3000,moins de 500,571,21
28,homme,qualifié,propriétaire,moins de 3000,,9572,36
30,homme,hautement qualifié,propriétaire,moins de 3000,entre 500 et 3000,4455,36
40,homme,non qualifié,propriétaire,,moins de 500,1647,21
50,homme,qualifié,propriétaire,entre 10000 et 30000,,3777,24
36,homme,qualifié,propriétaire,moins de 3000,entre 500 et 3000,884,18
31,homme,qualifié,propriétaire,moins de 3000,,1360,15
74,femme,hautement qualifié,gratuit,moins de 3000,entre 500 et 3000,5129,9
68,homme,non qualifié,gratuit,moins de 3000,entre 500 et 3000,1175,16
20,homme,qualifié,propriétaire,entre 3000 et 10000,moins de 500,674,12
33,femme,qualifié,propriétaire,moins de 3000,entre 500 et 3000,3244,18
54,homme,hautement qualifié,propriétaire,entre 10000 et 30000,,4591,24
34,homme,non qualifié,gratuit,entre 3000 et 10000,entre 500 et 3000,3844,48
36,homme,qualifié,propriétaire,moins de 3000,entre 500 et 3000,3915,27
29,homme,qualifié,location,moins de 3000,,2108,6
21,homme,qualifié,location,entre 3000 et 10000,entre 500 et 3000,3031,45
34,femme,hautement qualifié,propriétaire,moins de 3000,entre 500 et 3000,1501,9
28,femme,qualifié,propriétaire,moins de 3000,,1382,6
27,femme,qualifié,location,entre 3000 et 10000,entre 500 et 3000,951,12
36,homme,qualifié,gratuit,,entre 500 et 3000,2760,24
40,homme,hautement qualifié,propriétaire,moins de 3000,entre 500 et 3000,4297,18
52,homme,qualifié,propriétaire,plus de 30000,,936,9
27,homme,non qualifié,propriétaire,moins de 3000,moins de 500,1168,12
26,homme,qualifié,propriétaire,moins de 3000,,5117,27
21,homme,qualifié,location,moins de 3000,moins de 500,902,12
38,homme,non qualifié,propriétaire,moins de 3000,,1495,12
38,homme,hautement qualifié,gratuit,moins de 3000,moins de 500,10623,30
43,homme,qualifié,propriétaire,moins de 3000,,1935,12
26,homme,qualifié,propriétaire,moins de 3000,entre 500 et 3000,1424,12
21,homme,non qualifié,propriétaire,moins de 3000,moins de 500,6568,24
55,homme,qualifié,propriétaire,entre 10000 et 30000,,1413,12
33,homme,qualifié,propriétaire,,,3074,9
45,femme,non qualifié,propriétaire,,,3835,36
50,homme,qualifié,propriétaire,moins de 3000,moins de 500,5293,27
66,homme,hautement qualifié,propriétaire,moins de 3000,plus de 3000,1908,30
51,homme,qualifié,propriétaire,,,3342,36
39,femme,non qualifié,propriétaire,,entre 500 et 3000,932,6
31,homme,qualifié,propriétaire,moins de 3000,moins de 500,3104,18
23,homme,qualifié,propriétaire,moins de 3000,plus de 3000,3913,36
24,homme,non qualifié,location,moins de 3000,moins de 500,3021,24
64,femme,qualifié,propriétaire,moins de 3000,,1364,10
26,homme,non qualifié,propriétaire,moins de 3000,entre 500 et 3000,625,12
23,femme,qualifié,location,,moins de 500,1200,12
30,homme,qualifié,propriétaire,moins de 3000,,707,12
32,homme,qualifié,propriétaire,,,2978,24
30,homme,qualifié,propriétaire,moins de 3000,,4657,15
27,homme,qualifié,propriétaire,moins de 3000,,2613,36
27,homme,qualifié,propriétaire,entre 10000 et 30000,entre 500 et 3000,10961,48
53,homme,hautement qualifié,gratuit,moins de 3000,moins de 500,7865,12
22,homme,qualifié,propriétaire,moins de 3000,,1478,9
22,homme,qualifié,gratuit,moins de 3000,moins de 500,3149,24
26,homme,qualifié,propriétaire,moins de 3000,plus de 3000,4210,36
51,homme,non qualifié,gratuit,plus de 30000,,2507,9
35,homme,qualifié,propriétaire,entre 3000 et 10000,,2141,12
25,homme,non qualifié,propriétaire,moins de 3000,entre 500 et 3000,866,18
42,homme,non qualifié,propriétaire,moins de 3000,,1544,4
30,homme,hautement qualifié,propriétaire,moins de 3000,moins de 500,1823,24
23,homme,non qualifié,propriétaire,,entre 500 et 3000,14555,6
61,homme,non qualifié,location,entre 3000 et 10000,entre 500 et 3000,2767,21
35,femme,qualifié,propriétaire,moins de 3000,,1291,12
39,homme,qualifié,propriétaire,moins de 3000,moins de 500,2522,30
29,femme,qualifié,propriétaire,,moins de 500,915,24
51,homme,qualifié,propriétaire,moins de 3000,,1595,6
24,homme,qualifié,gratuit,moins de 3000,moins de 500,4605,48
27,femme,qualifié,propriétaire,moins de 3000,,1185,12
35,femme,non qualifié,propriétaire,plus de 30000,,3447,12
25,homme,qualifié,propriétaire,moins de 3000,,1258,24
52,homme,qualifié,propriétaire,moins de 3000,,717,12
35,homme,qualifié,location,entre 3000 et 10000,,1204,6
26,homme,qualifié,propriétaire,moins de 3000,plus de 3000,1925,24
22,femme,qualifié,location,moins de 3000,,433,18
39,femme,non qualifié,propriétaire,entre 10000 et 30000,moins de 500,666,6
46,femme,non qualifié,propriétaire,moins de 3000,plus de 3000,2251,12
24,femme,qualifié,propriétaire,moins de 3000,entre 500 et 3000,2150,30
35,homme,qualifié,propriétaire,entre 3000 et 10000,,4151,24
24,homme,qualifié,propriétaire,,entre 500 et 3000,2030,9
27,homme,non qualifié,propriétaire,,entre 500 et 3000,7418,60
35,homme,non qualifié,propriétaire,moins de 3000,,2684,24
29,homme,qualifié,gratuit,moins de 3000,moins de 500,2149,12
23,femme,qualifié,propriétaire,entre 3000 et 10000,,3812,15
57,femme,non qualifié,propriétaire,entre 3000 et 10000,,1154,11
27,homme,qualifié,propriétaire,moins de 3000,moins de 500,1657,12
55,femme,qualifié,propriétaire,moins de 3000,moins de 500,1603,24
36,homme,hautement qualifié,gratuit,moins de 3000,moins de 500,5302,18
57,femme,non qualifié,gratuit,moins de 3000,,2748,12
32,homme,non qualifié,propriétaire,moins de 3000,,1231,10
37,homme,qualifié,propriétaire,moins de 3000,entre 500 et 3000,802,15
36,homme,qualifié,propriétaire,,,6304,36
38,femme,qualifié,propriétaire,moins de 3000,,1533,24
45,homme,hautement qualifié,propriétaire,moins de 3000,moins de 500,8978,14
25,homme,qualifié,propriétaire,,,999,24
32,homme,qualifié,propriétaire,,,2662,18
37,femme,qualifié,location,plus de 30000,,1402,12
36,homme,hautement qualifié,gratuit,,entre 500 et 3000,12169,48
28,homme,qualifié,propriétaire,moins de 3000,entre 500 et 3000,3060,48
34,homme,non qualifié,propriétaire,moins de 3000,moins de 500,11998,30
32,homme,qualifié,propriétaire,moins de 3000,,2697,9
26,femme,qualifié,propriétaire,moins de 3000,,2404,18
49,homme,non qualifié,propriétaire,,moins de 500,1262,12
32,femme,qualifié,propriétaire,moins de 3000,,4611,6
29,homme,hautement qualifié,location,entre 3000 et 10000,,1901,24
23,homme,qualifié,location,entre 10000 et 30000,,3368,15
50,homme,qualifié,propriétaire,moins de 3000,,1574,12
49,homme,non qualifié,propriétaire,,plus de 3000,1445,18
63,homme,qualifié,propriétaire,,,1520,15
37,homme,qualifié,propriétaire,entre 3000 et 10000,entre 500 et 3000,3878,24
35,femme,non qualifié,propriétaire,moins de 3000,moins de 500,10722,47
26,homme,qualifié,propriétaire,moins de 3000,moins de 500,4788,48
31,homme,hautement qualifié,gratuit,entre 3000 et 10000,entre 500 et 3000,7582,48
49,femme,qualifié,propriétaire,moins de 3000,entre 500 et 3000,1092,12
48,homme,qualifié,propriétaire,moins de 3000,moins de 500,1024,24
26,homme,qualifié,propriétaire,moins de 3000,,1076,12
28,homme,hautement qualifié,location,moins de 3000,entre 500 et 3000,9398,36
44,femme,hautement qualifié,gratuit,moins de 3000,moins de 500,6419,24
56,homme,qualifié,gratuit,moins de 3000,plus de 3000,4796,42
46,homme,hautement qualifié,propriétaire,,,7629,48
26,femme,qualifié,propriétaire,moins de 3000,entre 500 et 3000,9960,48
20,femme,qualifié,location,,,4675,12
45,homme,non qualifié,propriétaire,,,1287,10
43,homme,qualifié,propriétaire,moins de 3000,,2515,18
32,homme,qualifié,propriétaire,entre 10000 et 30000,entre 500 et 3000,2745,21
54,femme,non qualifié,propriétaire,moins de 3000,,672,6
42,femme,qualifié,propriétaire,moins de 3000,entre 500 et 3000,3804,36
37,homme,non qualifié,propriétaire,,plus de 3000,1344,24
49,homme,qualifié,propriétaire,moins de 3000,moins de 500,1038,10
44,homme,qualifié,gratuit,plus de 30000,,10127,48
33,homme,qualifié,propriétaire,entre 10000 et 30000,,1543,6
24,femme,non qualifié,location,,,4811,30
33,homme,non qualifié,propriétaire,entre 3000 et 10000,moins de 500,727,12
24,femme,qualifié,propriétaire,moins de 3000,entre 500 et 3000,1237,8
22,homme,non qualifié,location,moins de 3000,entre 500 et 3000,276,9
40,homme,non qualifié,gratuit,,entre 500 et 3000,5381,48
25,homme,qualifié,propriétaire,entre 3000 et 10000,,5511,24
26,femme,qualifié,propriétaire,moins de 3000,plus de 3000,3749,24
25,homme,non qualifié,propriétaire,moins de 3000,entre 500 et 3000,685,12
29,homme,non qualifié,propriétaire,,plus de 3000,1494,4
31,homme,qualifié,propriétaire,moins de 3000,moins de 500,2746,36
38,homme,non qualifié,propriétaire,moins de 3000,moins de 500,708,12
48,femme,non qualifié,propriétaire,,entre 500 et 3000,4351,24
32,homme,qualifié,propriétaire,moins de 3000,,701,12
27,femme,non qualifié,propriétaire,moins de 3000,moins de 500,3643,15
28,homme,hautement qualifié,propriétaire,moins de 3000,entre 500 et 3000,4249,30
32,homme,qualifié,propriétaire,moins de 3000,moins de 500,1938,24
34,homme,hautement qualifié,gratuit,moins de 3000,moins de 500,2910,24
28,homme,qualifié,propriétaire,entre 10000 et 30000,moins de 500,2659,18
36,femme,qualifié,propriétaire,moins de 3000,,1028,18
39,homme,non qualifié,propriétaire,moins de 3000,moins de 500,3398,8
49,homme,qualifié,location,,,5801,12
34,femme,qualifié,propriétaire,entre 10000 et 30000,,1525,24
31,homme,qualifié,propriétaire,moins de 3000,plus de 3000,4473,36
28,homme,qualifié,propriétaire,moins de 3000,entre 500 et 3000,1068,6
75,homme,hautement qualifié,gratuit,moins de 3000,moins de 500,6615,24
30,femme,qualifié,propriétaire,entre 3000 et 10000,,1864,18
24,femme,hautement qualifié,propriétaire,entre 3000 et 10000,entre 500 et 3000,7408,60
24,femme,non qualifié,location,entre 3000 et 10000,,11590,48
23,homme,qualifié,location,moins de 3000,moins de 500,4110,24
44,homme,hautement qualifié,location,moins de 3000,moins de 500,3384,6
23,femme,non qualifié,propriétaire,moins de 3000,entre 500 et 3000,2101,13
24,femme,qualifié,location,,moins de 500,1275,15
28,homme,qualifié,propriétaire,moins de 3000,moins de 500,4169,24
31,homme,non qualifié,propriétaire,moins de 3000,entre 500 et 3000,1521,10
24,femme,qualifié,gratuit,moins de 3000,entre 500 et 3000,5743,24
26,femme,non qualifié,location,moins de 3000,moins de 500,3599,21
25,homme,qualifié,location,plus de 30000,entre 500 et 3000,3213,18
33,homme,hautement qualifié,propriétaire,moins de 3000,entre 500 et 3000,4439,18
37,homme,non qualifié,propriétaire,moins de 3000,plus de 3000,3949,10
43,femme,non qualifié,propriétaire,moins de 3000,,1459,15
23,homme,qualifié,propriétaire,moins de 3000,entre 500 et 3000,882,13
23,femme,non qualifié,location,plus de 30000,entre 500 et 3000,3758,24
34,homme,non qualifié,propriétaire,entre 3000 et 10000,,1743,6
32,homme,qualifié,gratuit,entre 10000 et 30000,entre 500 et 3000,1136,9
23,femme,qualifié,location,moins de 3000,,1236,9
29,femme,qualifié,propriétaire,moins de 3000,entre 500 et 3000,959,9
38,homme,hautement qualifié,propriétaire,,,3229,18
28,homme,qualifié,location,moins de 3000,moins de 500,6199,12
46,homme,qualifié,gratuit,plus de 30000,,727,10
23,homme,non qualifié,propriétaire,moins de 3000,entre 500 et 3000,1246,24
49,homme,qualifié,propriétaire,,,2331,12
26,homme,hautement qualifié,propriétaire,moins de 3000,,4463,36
28,homme,qualifié,propriétaire,moins de 3000,,776,12
23,femme,qualifié,location,moins de 3000,moins de 500,2406,30
61,homme,qualifié,gratuit,,entre 500 et 3000,1239,18
37,homme,hautement qualifié,propriétaire,,plus de 3000,3399,12
36,femme,qualifié,propriétaire,moins de 3000,plus de 3000,2247,12
21,homme,qualifié,location,moins de 3000,,1766,6
25,homme,non qualifié,propriétaire,moins de 3000,moins de 500,2473,18
36,homme,qualifié,propriétaire,moins de 3000,,1542,12
27,homme,qualifié,propriétaire,moins de 3000,,3850,18
22,femme,qualifié,location,moins de 3000,moins de 500,3650,18
42,homme,qualifié,propriétaire,moins de 3000,moins de 500,3446,36
40,femme,qualifié,location,moins de 3000,entre 500 et 3000,3001,18
36,homme,qualifié,propriétaire,,,3079,36
33,homme,qualifié,propriétaire,moins de 3000,,6070,18
23,femme,qualifié,location,moins de 3000,,2146,10
63,homme,hautement qualifié,gratuit,,,13756,60
60,femme,hautement qualifié,gratuit,entre 3000 et 10000,entre 500 et 3000,14782,60
37,femme,qualifié,location,moins de 3000,moins de 500,7685,48
34,homme,qualifié,propriétaire,moins de 3000,,2320,18
36,homme,qualifié,gratuit,,,846,7
57,homme,hautement qualifié,gratuit,moins de 3000,entre 500 et 3000,14318,36
52,femme,non qualifié,propriétaire,entre 3000 et 10000,,362,6
39,homme,qualifié,propriétaire,,moins de 500,2212,20
38,femme,hautement qualifié,gratuit,moins de 3000,entre 500 et 3000,12976,18
25,femme,qualifié,location,,,1283,22
26,homme,qualifié,propriétaire,moins de 3000,plus de 3000,1330,12
26,homme,non qualifié,propriétaire,entre 3000 et 10000,,4272,30
25,femme,qualifié,propriétaire,moins de 3000,,2238,18
21,femme,qualifié,location,,,1126,18
40,homme,hautement qualifié,propriétaire,moins de 3000,entre 500 et 3000,7374,18
27,homme,qualifié,propriétaire,plus de 30000,entre 500 et 3000,2326,15
27,femme,qualifié,propriétaire,moins de 3000,,1449,9
30,homme,hautement qualifié,propriétaire,moins de 3000,,1820,18
19,femme,non qualifié,location,entre 10000 et 30000,entre 500 et 3000,983,12
39,homme,hautement qualifié,gratuit,moins de 3000,moins de 500,3249,36
31,femme,qualifié,propriétaire,moins de 3000,moins de 500,1957,6
31,homme,hautement qualifié,propriétaire,moins de 3000,,2406,9
32,homme,qualifié,location,entre 3000 et 10000,entre 500 et 3000,11760,39
55,femme,hautement qualifié,gratuit,moins de 3000,moins de 500,2578,12
46,homme,qualifié,propriétaire,moins de 3000,moins de 500,2348,36
46,homme,qualifié,location,moins de 3000,entre 500 et 3000,1223,12
43,femme,non qualifié,propriétaire,entre 10000 et 30000,,1516,24
39,homme,qualifié,propriétaire,moins de 3000,,1473,18
28,homme,qualifié,propriétaire,,entre 500 et 3000,1887,18
27,homme,qualifié,propriétaire,moins de 3000,,8648,24
27,homme,non qualifié,propriétaire,moins de 3000,,802,14
43,homme,qualifié,propriétaire,,entre 500 et 3000,2899,18
22,homme,qualifié,propriétaire,moins de 3000,entre 500 et 3000,2039,24
43,homme,qualifié,propriétaire,,,2197,24
27,homme,qualifié,propriétaire,moins de 3000,moins de 500,1053,15
26,homme,hautement qualifié,propriétaire,plus de 30000,,3235,24
28,homme,qualifié,propriétaire,plus de 30000,plus de 3000,939,12
20,femme,qualifié,propriétaire,moins de 3000,entre 500 et 3000,1967,24
35,homme,hautement qualifié,propriétaire,moins de 3000,,7253,33
42,homme,hautement qualifié,propriétaire,moins de 3000,,2292,12
40,homme,non qualifié,location,plus de 30000,,1597,10
35,femme,qualifié,propriétaire,,moins de 500,1381,24
35,homme,qualifié,propriétaire,moins de 3000,,5842,36
33,homme,non qualifié,propriétaire,moins de 3000,moins de 500,2579,12
23,femme,qualifié,location,,moins de 500,8471,18
31,femme,hautement qualifié,propriétaire,plus de 30000,,2782,21
33,femme,qualifié,propriétaire,,entre 500 et 3000,1042,18
20,femme,qualifié,location,entre 10000 et 30000,,3186,15
30,homme,qualifié,propriétaire,,entre 500 et 3000,2028,12
47,homme,non qualifié,propriétaire,moins de 3000,entre 500 et 3000,958,12
34,homme,hautement qualifié,propriétaire,entre 3000 et 10000,,1591,21
25,femme,qualifié,propriétaire,,entre 500 et 3000,2762,12
21,homme,qualifié,location,moins de 3000,entre 500 et 3000,2779,18
29,homme,qualifié,propriétaire,moins de 3000,,2743,28
46,homme,qualifié,propriétaire,entre 10000 et 30000,,1149,18
20,homme,qualifié,propriétaire,moins de 3000,,1313,9
55,femme,non qualifié,gratuit,moins de 3000,moins de 500,1190,18
74,homme,non qualifié,propriétaire,moins de 3000,,3448,5
29,homme,hautement qualifié,propriétaire,moins de 3000,entre 500 et 3000,11328,24
36,homme,hautement qualifié,gratuit,moins de 3000,moins de 500,1872,6
33,homme,qualifié,propriétaire,moins de 3000,,2058,24
25,homme,qualifié,propriétaire,moins de 3000,moins de 500,2136,9
25,homme,qualifié,propriétaire,,entre 500 et 3000,1484,12
23,homme,non qualifié,location,plus de 30000,,660,6
37,femme,qualifié,propriétaire,entre 10000 et 30000,,1287,24
65,homme,non qualifié,propriétaire,moins de 3000,moins de 500,3394,42
26,femme,non qualifié,propriétaire,moins de 3000,plus de 3000,609,12
39,homme,hautement qualifié,propriétaire,moins de 3000,,1884,12
30,femme,qualifié,propriétaire,moins de 3000,moins de 500,1620,12
29,homme,qualifié,propriétaire,moins de 3000,entre 500 et 3000,2629,20
41,homme,non qualifié,propriétaire,moins de 3000,,719,12
30,femme,hautement qualifié,propriétaire,moins de 3000,entre 500 et 3000,5096,48
41,femme,non qualifié,location,,,1244,9
34,femme,qualifié,propriétaire,moins de 3000,moins de 500,1842,36
35,homme,qualifié,propriétaire,moins de 3000,entre 500 et 3000,2576,7
55,femme,hautement qualifié,propriétaire,,plus de 3000,1424,12
61,homme,qualifié,propriétaire,entre 10000 et 30000,entre 500 et 3000,1512,15
30,homme,hautement qualifié,propriétaire,,,11054,36
29,femme,qualifié,propriétaire,moins de 3000,,518,6
34,homme,qualifié,propriétaire,moins de 3000,,2759,12
35,homme,hautement qualifié,propriétaire,moins de 3000,,2670,24
31,homme,qualifié,propriétaire,moins de 3000,moins de 500,4817,24
29,femme,hautement qualifié,propriétaire,moins de 3000,,2679,24
36,homme,qualifié,location,moins de 3000,moins de 500,3905,11
35,homme,qualifié,gratuit,moins de 3000,moins de 500,3386,12
27,femme,qualifié,propriétaire,moins de 3000,moins de 500,343,6
32,homme,qualifié,propriétaire,moins de 3000,,4594,18
37,homme,qualifié,propriétaire,moins de 3000,moins de 500,3620,36
36,homme,qualifié,propriétaire,moins de 3000,moins de 500,1721,15
34,femme,hautement qualifié,location,moins de 3000,entre 500 et 3000,3017,12
38,homme,qualifié,propriétaire,,entre 500 et 3000,754,12
34,homme,qualifié,propriétaire,moins de 3000,,1950,18
63,homme,qualifié,propriétaire,moins de 3000,moins de 500,2924,24
29,femme,non qualifié,location,moins de 3000,moins de 500,1659,24
32,homme,qualifié,propriétaire,,,7238,48
26,femme,qualifié,propriétaire,moins de 3000,,2764,33
35,homme,non qualifié,propriétaire,moins de 3000,,4679,24
22,homme,qualifié,location,entre 3000 et 10000,entre 500 et 3000,3092,24
23,femme,qualifié,propriétaire,moins de 3000,moins de 500,448,6
28,homme,non qualifié,propriétaire,moins de 3000,moins de 500,654,9
36,homme,hautement qualifié,propriétaire,,,1238,6
33,homme,qualifié,propriétaire,moins de 3000,entre 500 et 3000,1245,18
26,femme,qualifié,location,moins de 3000,moins de 500,3114,18
24,homme,qualifié,propriétaire,plus de 30000,,2569,39
25,homme,qualifié,propriétaire,moins de 3000,plus de 3000,5152,24
39,homme,non qualifié,propriétaire,entre 3000 et 10000,entre 500 et 3000,1037,12
44,homme,qualifié,propriétaire,moins de 3000,moins de 500,1478,15
23,femme,non qualifié,propriétaire,moins de 3000,entre 500 et 3000,3573,12
26,homme,qualifié,propriétaire,moins de 3000,entre 500 et 3000,1201,24
57,femme,qualifié,location,entre 10000 et 30000,moins de 500,3622,30
30,femme,qualifié,propriétaire,entre 10000 et 30000,,960,15
44,homme,qualifié,propriétaire,plus de 30000,,1163,12
47,homme,hautement qualifié,propriétaire,moins de 3000,entre 500 et 3000,1209,6
52,homme,qualifié,propriétaire,moins de 3000,,3077,12
62,femme,qualifié,gratuit,moins de 3000,,3757,24
35,homme,non qualifié,location,entre 3000 et 10000,,1418,10
26,homme,qualifié,location,moins de 3000,,3518,6
26,homme,qualifié,propriétaire,moins de 3000,,1934,12
42,femme,hautement qualifié,gratuit,moins de 3000,entre 500 et 3000,8318,27
27,femme,qualifié,propriétaire,entre 3000 et 10000,,1237,6
38,homme,qualifié,propriétaire,,entre 500 et 3000,368,6
39,homme,non qualifié,location,moins de 3000,moins de 500,2122,12
20,homme,qualifié,propriétaire,,moins de 500,2996,24
29,homme,hautement qualifié,location,entre 3000 et 10000,entre 500 et 3000,9034,36
40,homme,qualifié,propriétaire,moins de 3000,,1585,24
32,homme,non qualifié,propriétaire,moins de 3000,entre 500 et 3000,1301,18
28,homme,qualifié,propriétaire,entre 3000 et 10000,plus de 3000,1323,6
27,femme,qualifié,propriétaire,moins de 3000,moins de 500,3123,24
42,homme,qualifié,gratuit,moins de 3000,moins de 500,5493,36
49,homme,qualifié,propriétaire,entre 3000 et 10000,plus de 3000,1126,9
38,homme,qualifié,propriétaire,entre 3000 et 10000,entre 500 et 3000,1216,24
24,femme,qualifié,location,moins de 3000,moins de 500,1207,24
27,homme,non qualifié,propriétaire,,,1309,10
36,homme,qualifié,propriétaire,plus de 30000,plus de 3000,2360,15
34,homme,hautement qualifié,propriétaire,entre 3000 et 10000,entre 500 et 3000,6850,15
28,homme,qualifié,propriétaire,moins de 3000,,1413,24
45,homme,hautement qualifié,propriétaire,entre 3000 et 10000,,8588,39
26,homme,qualifié,propriétaire,moins de 3000,moins de 500,759,12
32,homme,hautement qualifié,gratuit,moins de 3000,,4686,36
26,homme,qualifié,location,moins de 3000,plus de 3000,2687,15
20,homme,qualifié,location,moins de 3000,entre 500 et 3000,585,12
54,homme,qualifié,propriétaire,,,2255,24
37,femme,qualifié,propriétaire,moins de 3000,moins de 500,609,6
40,homme,non qualifié,propriétaire,moins de 3000,moins de 500,1361,6
23,femme,qualifié,location,moins de 3000,,7127,36
43,homme,qualifié,propriétaire,entre 3000 et 10000,moins de 500,1203,6
36,homme,qualifié,gratuit,,,700,6
44,homme,qualifié,gratuit,moins de 3000,,5507,24
24,femme,qualifié,propriétaire,moins de 3000,moins de 500,3190,18
53,homme,qualifié,gratuit,moins de 3000,moins de 500,7119,48
23,femme,qualifié,propriétaire,entre 3000 et 10000,,3488,24
26,femme,non qualifié,propriétaire,moins de 3000,entre 500 et 3000,1113,18
30,homme,qualifié,propriétaire,moins de 3000,entre 500 et 3000,7966,26
31,femme,qualifié,propriétaire,entre 3000 et 10000,,1532,15
42,homme,non qualifié,propriétaire,moins de 3000,,1503,4
31,homme,qualifié,location,moins de 3000,moins de 500,2302,36
41,homme,non qualifié,propriétaire,moins de 3000,moins de 500,662,6
32,homme,qualifié,propriétaire,moins de 3000,entre 500 et 3000,2273,36
28,femme,qualifié,location,entre 3000 et 10000,entre 500 et 3000,2631,15
41,homme,qualifié,location,moins de 3000,,1503,12
26,homme,qualifié,propriétaire,entre 3000 et 10000,,1311,24
25,homme,qualifié,propriétaire,,,3105,24
33,homme,qualifié,location,moins de 3000,plus de 3000,2319,21
75,femme,hautement qualifié,propriétaire,,moins de 500,1374,6
37,femme,qualifié,propriétaire,moins de 3000,entre 500 et 3000,3612,18
42,homme,hautement qualifié,gratuit,moins de 3000,moins de 500,7763,48
45,femme,non qualifié,propriétaire,moins de 3000,plus de 3000,3049,18
23,homme,qualifié,location,moins de 3000,entre 500 et 3000,1534,12
60,homme,qualifié,gratuit,moins de 3000,,2032,24
31,homme,qualifié,propriétaire,,moins de 500,6350,30
34,homme,non qualifié,propriétaire,moins de 3000,plus de 3000,2864,18
61,homme,non qualifié,propriétaire,moins de 3000,,1255,12
43,homme,qualifié,gratuit,moins de 3000,moins de 500,1333,24
37,femme,qualifié,propriétaire,moins de 3000,,2022,24
32,homme,qualifié,propriétaire,moins de 3000,,1552,24
24,femme,non qualifié,propriétaire,moins de 3000,moins de 500,626,12
35,homme,qualifié,gratuit,,,8858,48
23,femme,qualifié,propriétaire,,,996,12
45,homme,non qualifié,propriétaire,plus de 30000,,1750,6
34,homme,qualifié,propriétaire,moins de 3000,moins de 500,6999,48
27,homme,qualifié,propriétaire,entre 3000 et 10000,entre 500 et 3000,1995,12
67,femme,hautement qualifié,propriétaire,moins de 3000,entre 500 et 3000,1199,9
22,homme,qualifié,propriétaire,moins de 3000,entre 500 et 3000,1331,12
28,femme,qualifié,propriétaire,entre 3000 et 10000,entre 500 et 3000,2278,18
29,femme,qualifié,propriétaire,,,5003,21
27,homme,qualifié,propriétaire,moins de 3000,moins de 500,3552,24
31,homme,non qualifié,propriétaire,moins de 3000,entre 500 et 3000,1928,18
49,homme,qualifié,gratuit,,moins de 500,2964,24
24,homme,non qualifié,location,moins de 3000,moins de 500,1546,24
29,femme,qualifié,propriétaire,moins de 3000,plus de 3000,683,6
37,homme,qualifié,gratuit,,entre 500 et 3000,12389,36
37,homme,hautement qualifié,propriétaire,,entre 500 et 3000,4712,24
23,femme,qualifié,location,entre 3000 et 10000,entre 500 et 3000,1553,24
36,homme,qualifié,propriétaire,moins de 3000,moins de 500,1372,12
34,homme,qualifié,propriétaire,entre 10000 et 30000,,2578,24
41,homme,qualifié,propriétaire,,entre 500 et 3000,3979,48
31,femme,qualifié,propriétaire,moins de 3000,moins de 500,6758,48
23,femme,non qualifié,location,moins de 3000,moins de 500,3234,24
38,homme,qualifié,propriétaire,moins de 3000,,5954,30
26,femme,hautement qualifié,location,,,5433,24
22,femme,non qualifié,propriétaire,moins de 3000,moins de 500,806,15
27,homme,non qualifié,propriétaire,moins de 3000,entre 500 et 3000,1082,9
24,femme,qualifié,propriétaire,moins de 3000,,2788,15
27,femme,qualifié,propriétaire,moins de 3000,entre 500 et 3000,2930,12
33,femme,qualifié,propriétaire,,,1927,24
27,homme,qualifié,propriétaire,moins de 3000,entre 500 et 3000,2820,36
27,homme,non qualifié,propriétaire,moins de 3000,,937,24
30,homme,qualifié,propriétaire,moins de 3000,entre 500 et 3000,1056,18
49,homme,non qualifié,propriétaire,moins de 3000,entre 500 et 3000,3124,12
26,femme,qualifié,location,moins de 3000,,1388,9
33,homme,non qualifié,location,moins de 3000,entre 500 et 3000,2384,36
52,femme,hautement qualifié,gratuit,,,2133,12
20,femme,qualifié,location,moins de 3000,moins de 500,2039,18
36,homme,qualifié,location,moins de 3000,moins de 500,2799,9
21,homme,non qualifié,propriétaire,moins de 3000,moins de 500,1289,12
47,homme,non qualifié,propriétaire,moins de 3000,moins de 500,1217,18
60,homme,qualifié,propriétaire,moins de 3000,moins de 500,2246,12
58,femme,non qualifié,propriétaire,moins de 3000,moins de 500,385,12
42,femme,qualifié,location,,entre 500 et 3000,1965,24
36,femme,non qualifié,propriétaire,entre 10000 et 30000,,1572,21
20,femme,non qualifié,location,moins de 3000,entre 500 et 3000,2718,24
40,homme,hautement qualifié,propriétaire,,moins de 500,1358,24
32,femme,non qualifié,propriétaire,entre 3000 et 10000,entre 500 et 3000,931,6
23,femme,qualifié,location,moins de 3000,moins de 500,1442,24
36,homme,non qualifié,propriétaire,moins de 3000,entre 500 et 3000,4241,24
31,homme,qualifié,propriétaire,moins de 3000,,2775,18
32,homme,qualifié,gratuit,moins de 3000,,3863,24
45,femme,qualifié,propriétaire,moins de 3000,entre 500 et 3000,2329,7
30,femme,qualifié,propriétaire,moins de 3000,entre 500 et 3000,918,9
34,femme,non qualifié,gratuit,moins de 3000,entre 500 et 3000,1837,24
28,femme,hautement qualifié,propriétaire,moins de 3000,,3349,36
23,femme,qualifié,propriétaire,moins de 3000,plus de 3000,1275,10
22,homme,qualifié,propriétaire,plus de 30000,moins de 500,2828,24
74,homme,hautement qualifié,propriétaire,moins de 3000,,4526,24
50,femme,qualifié,gratuit,entre 3000 et 10000,entre 500 et 3000,2671,36
33,homme,qualifié,propriétaire,moins de 3000,,2051,18
45,homme,qualifié,gratuit,,,1300,15
22,femme,qualifié,propriétaire,entre 3000 et 10000,moins de 500,741,12
48,femme,non qualifié,gratuit,entre 3000 et 10000,plus de 3000,1240,10
29,femme,qualifié,propriétaire,entre 10000 et 30000,moins de 500,3357,21
22,femme,qualifié,location,moins de 3000,moins de 500,3632,24
22,femme,qualifié,propriétaire,moins de 3000,,1808,18
48,homme,hautement qualifié,propriétaire,,entre 500 et 3000,12204,48
27,homme,hautement qualifié,gratuit,,entre 500 et 3000,9157,60
37,homme,qualifié,location,moins de 3000,moins de 500,3676,6
21,femme,qualifié,location,entre 3000 et 10000,entre 500 et 3000,3441,30
49,homme,non qualifié,propriétaire,moins de 3000,,640,12
27,homme,qualifié,propriétaire,moins de 3000,entre 500 et 3000,3652,21
32,homme,qualifié,propriétaire,moins de 3000,,1530,18
38,homme,qualifié,propriétaire,,,3914,48
22,femme,qualifié,location,moins de 3000,moins de 500,1858,12
65,homme,qualifié,gratuit,moins de 3000,moins de 500,2600,18
35,homme,qualifié,propriétaire,,,1979,15
41,homme,qualifié,propriétaire,moins de 3000,plus de 3000,2116,6
29,homme,qualifié,propriétaire,entre 3000 et 10000,entre 500 et 3000,1437,9
36,homme,qualifié,propriétaire,plus de 30000,,4042,42
64,homme,non qualifié,propriétaire,,,3832,9
28,femme,qualifié,propriétaire,moins de 3000,moins de 500,3660,24
44,homme,qualifié,propriétaire,moins de 3000,moins de 500,1553,18
23,homme,qualifié,propriétaire,,entre 500 et 3000,1444,15
19,femme,qualifié,location,moins de 3000,,1980,9
25,femme,non qualifié,propriétaire,moins de 3000,entre 500 et 3000,1355,24
47,homme,qualifié,propriétaire,moins de 3000,,1393,12
28,femme,qualifié,propriétaire,plus de 30000,,1376,24
21,homme,qualifié,propriétaire,moins de 3000,,15653,60
34,femme,qualifié,propriétaire,moins de 3000,,1493,12
26,homme,qualifié,propriétaire,moins de 3000,moins de 500,4370,42
27,femme,non qualifié,propriétaire,moins de 3000,moins de 500,750,18
38,homme,non qualifié,propriétaire,moins de 3000,entre 500 et 3000,1308,15
40,homme,hautement qualifié,propriétaire,entre 3000 et 10000,,4623,15
33,homme,qualifié,propriétaire,moins de 3000,,1851,24
32,homme,hautement qualifié,propriétaire,moins de 3000,moins de 500,1880,18
27,homme,qualifié,location,,,7980,36
32,homme,qualifié,propriétaire,moins de 3000,moins de 500,4583,30
26,femme,qualifié,propriétaire,plus de 30000,,1386,12
38,homme,qualifié,gratuit,moins de 3000,plus de 3000,947,24
40,homme,non qualifié,location,moins de 3000,moins de 500,684,12
50,homme,hautement qualifié,gratuit,moins de 3000,moins de 500,7476,48
37,homme,non qualifié,propriétaire,moins de 3000,entre 500 et 3000,1922,12
45,homme,qualifié,propriétaire,moins de 3000,moins de 500,2303,24
42,homme,hautement qualifié,propriétaire,entre 3000 et 10000,entre 500 et 3000,8086,36
35,homme,qualifié,propriétaire,moins de 3000,,2346,24
22,homme,qualifié,gratuit,moins de 3000,moins de 500,3973,14
41,homme,non qualifié,propriétaire,moins de 3000,entre 500 et 3000,888,12
37,homme,qualifié,propriétaire,,,10222,48
28,femme,qualifié,propriétaire,moins de 3000,entre 500 et 3000,4221,30
41,homme,qualifié,propriétaire,moins de 3000,entre 500 et 3000,6361,18
23,homme,qualifié,location,moins de 3000,plus de 3000,1297,12
23,homme,qualifié,propriétaire,,moins de 500,900,12
50,homme,qualifié,propriétaire,moins de 3000,,2241,21
35,homme,hautement qualifié,propriétaire,moins de 3000,entre 500 et 3000,1050,6
50,femme,non qualifié,propriétaire,moins de 3000,plus de 3000,1047,6
27,homme,hautement qualifié,propriétaire,moins de 3000,,6314,24
34,homme,qualifié,propriétaire,entre 10000 et 30000,entre 500 et 3000,3496,30
27,femme,qualifié,propriétaire,moins de 3000,,3609,48
43,homme,qualifié,location,moins de 3000,moins de 500,4843,12
47,homme,qualifié,propriétaire,moins de 3000,plus de 3000,3017,30
27,homme,non qualifié,propriétaire,entre 3000 et 10000,,4139,24
31,homme,qualifié,propriétaire,entre 3000 et 10000,,5742,36
42,homme,hautement qualifié,propriétaire,moins de 3000,,10366,60
24,homme,qualifié,propriétaire,plus de 30000,,2080,6
41,homme,non qualifié,propriétaire,plus de 30000,,2580,21
26,femme,hautement qualifié,location,moins de 3000,,4530,30
33,homme,qualifié,propriétaire,moins de 3000,,5150,24
24,homme,qualifié,propriétaire,entre 3000 et 10000,entre 500 et 3000,5595,72
64,homme,non qualifié,location,moins de 3000,moins de 500,2384,24
26,femme,qualifié,propriétaire,moins de 3000,,1453,18
56,femme,qualifié,propriétaire,moins de 3000,,1538,6
37,homme,qualifié,gratuit,,,2279,12
33,homme,qualifié,propriétaire,moins de 3000,,1478,15
47,homme,qualifié,gratuit,moins de 3000,,5103,24
31,homme,non qualifié,propriétaire,entre 3000 et 10000,entre 500 et 3000,9857,36
34,homme,qualifié,gratuit,,,6527,60
27,homme,qualifié,propriétaire,,plus de 3000,1347,10
30,homme,qualifié,gratuit,entre 3000 et 10000,entre 500 et 3000,2862,36
35,homme,qualifié,propriétaire,entre 3000 et 10000,,2753,9
31,homme,qualifié,propriétaire,entre 10000 et 30000,moins de 500,3651,12
25,homme,qualifié,propriétaire,moins de 3000,moins de 500,975,15
25,femme,non qualifié,propriétaire,entre 3000 et 10000,entre 500 et 3000,2631,15
29,homme,qualifié,propriétaire,entre 3000 et 10000,entre 500 et 3000,2896,24
44,homme,non qualifié,propriétaire,,moins de 500,4716,6
28,homme,qualifié,propriétaire,moins de 3000,,2284,24
50,homme,qualifié,location,plus de 30000,,1236,6
29,homme,qualifié,propriétaire,moins de 3000,entre 500 et 3000,1103,12
38,femme,non qualifié,propriétaire,moins de 3000,,926,12
24,homme,qualifié,propriétaire,moins de 3000,,1800,18
40,homme,hautement qualifié,location,moins de 3000,plus de 3000,1905,15
29,femme,non qualifié,location,plus de 30000,,1123,12
46,homme,qualifié,gratuit,moins de 3000,moins de 500,6331,48
47,femme,qualifié,gratuit,entre 3000 et 10000,plus de 3000,1377,24
41,homme,qualifié,propriétaire,entre 3000 et 10000,entre 500 et 3000,2503,30
32,femme,qualifié,propriétaire,moins de 3000,entre 500 et 3000,2528,27
35,femme,qualifié,gratuit,plus de 30000,,5324,15
24,homme,qualifié,propriétaire,entre 3000 et 10000,entre 500 et 3000,6560,48
25,femme,qualifié,location,moins de 3000,entre 500 et 3000,2969,12
25,femme,qualifié,propriétaire,moins de 3000,entre 500 et 3000,1206,9
37,homme,non qualifié,propriétaire,moins de 3000,entre 500 et 3000,2118,9
32,homme,hautement qualifié,propriétaire,plus de 30000,,629,18
35,femme,qualifié,gratuit,moins de 3000,moins de 500,1198,6
46,homme,hautement qualifié,propriétaire,,,2476,21
25,homme,non qualifié,propriétaire,moins de 3000,moins de 500,1138,9
27,homme,hautement qualifié,propriétaire,moins de 3000,entre 500 et 3000,14027,60
63,homme,qualifié,propriétaire,,,7596,30
40,homme,qualifié,propriétaire,,,3077,30
32,homme,hautement qualifié,gratuit,moins de 3000,,1505,18
31,homme,qualifié,propriétaire,,plus de 3000,3148,24
31,homme,qualifié,propriétaire,entre 3000 et 10000,entre 500 et 3000,6148,20
34,homme,hautement qualifié,propriétaire,moins de 3000,plus de 3000,1337,9
24,femme,qualifié,location,entre 10000 et 30000,entre 500 et 3000,433,6
24,femme,non qualifié,propriétaire,moins de 3000,moins de 500,1228,12
66,femme,non qualifié,propriétaire,plus de 30000,entre 500 et 3000,790,9
21,femme,qualifié,location,moins de 3000,,2570,27
41,femme,non qualifié,propriétaire,entre 10000 et 30000,,250,6
47,homme,non qualifié,propriétaire,plus de 30000,,1316,15
25,femme,qualifié,location,moins de 3000,moins de 500,1882,18
59,femme,qualifié,location,moins de 3000,entre 500 et 3000,6416,48
36,homme,qualifié,propriétaire,entre 10000 et 30000,plus de 3000,1275,24
33,homme,qualifié,propriétaire,moins de 3000,entre 500 et 3000,6403,24
21,homme,non qualifié,location,moins de 3000,moins de 500,1987,24
44,femme,non qualifié,propriétaire,moins de 3000,entre 500 et 3000,760,8
28,femme,qualifié,location,entre 10000 et 30000,,2603,24
37,femme,qualifié,propriétaire,moins de 3000,,3380,4
29,femme,non qualifié,propriétaire,,entre 500 et 3000,3990,36
23,femme,hautement qualifié,location,moins de 3000,entre 500 et 3000,11560,24
35,homme,non qualifié,propriétaire,entre 3000 et 10000,moins de 500,4380,18
45,homme,hautement qualifié,propriétaire,moins de 3000,,6761,6
26,femme,non qualifié,location,entre 3000 et 10000,entre 500 et 3000,4280,30
32,homme,qualifié,propriétaire,entre 3000 et 10000,moins de 500,2325,24
23,homme,non qualifié,propriétaire,moins de 3000,entre 500 et 3000,1048,10
41,homme,qualifié,propriétaire,,,3160,21
22,homme,qualifié,propriétaire,plus de 30000,moins de 500,2483,24
30,homme,hautement qualifié,propriétaire,,moins de 500,14179,39
28,homme,non qualifié,propriétaire,moins de 3000,moins de 500,1797,13
23,femme,qualifié,location,moins de 3000,moins de 500,2511,15
37,femme,non qualifié,propriétaire,moins de 3000,moins de 500,1274,12
26,homme,qualifié,propriétaire,,,5248,21
33,homme,qualifié,propriétaire,moins de 3000,,3029,15
49,femme,qualifié,propriétaire,moins de 3000,moins de 500,428,6
23,femme,non qualifié,propriétaire,moins de 3000,moins de 500,976,18
23,femme,non qualifié,location,entre 3000 et 10000,entre 500 et 3000,841,12
25,femme,qualifié,propriétaire,moins de 3000,,5771,30
55,homme,qualifié,gratuit,entre 10000 et 30000,,1555,12
32,femme,qualifié,location,,moins de 500,1285,24
74,homme,non qualifié,propriétaire,moins de 3000,plus de 3000,1299,6
39,homme,qualifié,gratuit,,plus de 3000,1271,15
31,homme,qualifié,propriétaire,moins de 3000,,1393,24
35,homme,qualifié,propriétaire,moins de 3000,moins de 500,691,12
59,femme,qualifié,propriétaire,,,5045,15
24,femme,qualifié,location,moins de 3000,moins de 500,2124,18
24,homme,non qualifié,propriétaire,moins de 3000,moins de 500,2214,12
30,homme,hautement qualifié,gratuit,,,12680,21
27,homme,qualifié,propriétaire,entre 3000 et 10000,,2463,24
40,homme,non qualifié,propriétaire,moins de 3000,entre 500 et 3000,1155,12
31,homme,non qualifié,propriétaire,moins de 3000,moins de 500,3108,30
31,femme,qualifié,location,,,2901,10
28,homme,qualifié,location,moins de 3000,entre 500 et 3000,3617,12
63,homme,non qualifié,propriétaire,moins de 3000,,1655,12
26,femme,qualifié,location,,moins de 500,2812,24
25,femme,hautement qualifié,propriétaire,moins de 3000,moins de 500,8065,36
36,homme,hautement qualifié,propriétaire,moins de 3000,,3275,21
52,homme,qualifié,propriétaire,entre 3000 et 10000,,2223,24
66,homme,non qualifié,gratuit,plus de 30000,plus de 3000,1480,12
25,femme,qualifié,location,,moins de 500,1371,24
37,homme,qualifié,propriétaire,moins de 3000,,3535,36
25,femme,qualifié,propriétaire,moins de 3000,moins de 500,3509,18
38,homme,hautement qualifié,propriétaire,entre 10000 et 30000,,5711,36
67,femme,qualifié,propriétaire,moins de 3000,entre 500 et 3000,3872,18
25,homme,qualifié,propriétaire,moins de 3000,entre 500 et 3000,4933,39
60,homme,qualifié,propriétaire,entre 10000 et 30000,,1940,24
31,homme,non qualifié,propriétaire,moins de 3000,entre 500 et 3000,1410,12
23,femme,non qualifié,propriétaire,entre 3000 et 10000,entre 500 et 3000,836,12
60,homme,hautement qualifié,propriétaire,,entre 500 et 3000,6468,20
35,homme,non qualifié,propriétaire,entre 10000 et 30000,entre 500 et 3000,1941,18
40,homme,qualifié,propriétaire,plus de 30000,,2675,22
38,homme,qualifié,propriétaire,,,2751,48
50,homme,qualifié,gratuit,moins de 3000,entre 500 et 3000,6224,48
27,homme,qualifié,propriétaire,moins de 3000,moins de 500,5998,40
39,femme,qualifié,propriétaire,moins de 3000,entre 500 et 3000,1188,21
41,homme,hautement qualifié,propriétaire,,,6313,24
27,homme,qualifié,propriétaire,,,1221,6
51,homme,qualifié,gratuit,moins de 3000,plus de 3000,2892,24
32,homme,qualifié,location,plus de 30000,,3062,24
22,femme,qualifié,location,entre 3000 et 10000,,2301,9
51,homme,qualifié,gratuit,,moins de 500,7511,18
22,femme,non qualifié,location,moins de 3000,,1258,12
54,homme,qualifié,propriétaire,,,717,24
35,homme,non qualifié,propriétaire,,entre 500 et 3000,1549,9
54,homme,qualifié,gratuit,moins de 3000,,1597,24
48,femme,non qualifié,location,moins de 3000,entre 500 et 3000,1795,18
24,femme,qualifié,propriétaire,moins de 3000,moins de 500,4272,20
35,homme,qualifié,propriétaire,,,976,12
24,femme,non qualifié,location,,entre 500 et 3000,7472,12
24,homme,qualifié,propriétaire,moins de 3000,moins de 500,9271,36
26,homme,non qualifié,propriétaire,moins de 3000,entre 500 et 3000,590,6
65,homme,qualifié,propriétaire,,,930,12
55,homme,hautement qualifié,gratuit,moins de 3000,entre 500 et 3000,9283,42
26,femme,non qualifié,location,moins de 3000,entre 500 et 3000,1778,15
26,homme,qualifié,propriétaire,moins de 3000,entre 500 et 3000,907,8
28,homme,non qualifié,propriétaire,moins de 3000,entre 500 et 3000,484,6
24,homme,qualifié,propriétaire,moins de 3000,moins de 500,9629,36
54,homme,qualifié,propriétaire,moins de 3000,moins de 500,3051,48
46,homme,qualifié,gratuit,moins de 3000,moins de 500,3931,48
54,femme,qualifié,location,moins de 3000,entre 500 et 3000,7432,36
62,homme,qualifié,propriétaire,plus de 30000,,1338,6
24,femme,qualifié,location,moins de 3000,,1554,6
43,homme,hautement qualifié,propriétaire,moins de 3000,moins de 500,15857,36
26,homme,qualifié,propriétaire,moins de 3000,moins de 500,1345,18
27,homme,qualifié,propriétaire,moins de 3000,,1101,12
24,homme,qualifié,propriétaire,moins de 3000,plus de 3000,3016,12
41,homme,qualifié,propriétaire,moins de 3000,moins de 500,2712,36
47,homme,non qualifié,propriétaire,moins de 3000,moins de 500,731,8
35,homme,hautement qualifié,propriétaire,moins de 3000,,3780,18
30,homme,qualifié,propriétaire,moins de 3000,moins de 500,1602,21
33,femme,qualifié,location,moins de 3000,moins de 500,3966,18
36,homme,qualifié,propriétaire,moins de 3000,,4165,18
47,homme,qualifié,gratuit,,moins de 500,8335,36
38,homme,qualifié,gratuit,,entre 500 et 3000,6681,48
44,homme,qualifié,propriétaire,plus de 30000,,2375,24
23,femme,qualifié,location,moins de 3000,moins de 500,1216,18
29,homme,qualifié,location,moins de 3000,moins de 500,11816,45
42,femme,qualifié,propriétaire,,entre 500 et 3000,5084,24
25,femme,non qualifié,propriétaire,moins de 3000,plus de 3000,2327,15
48,homme,qualifié,propriétaire,moins de 3000,moins de 500,1082,12
21,femme,qualifié,propriétaire,,,886,12
23,femme,non qualifié,location,moins de 3000,,601,4
63,homme,qualifié,propriétaire,moins de 3000,moins de 500,2957,24
46,homme,qualifié,propriétaire,moins de 3000,,2611,24
29,homme,qualifié,propriétaire,moins de 3000,moins de 500,5179,36
28,homme,non qualifié,propriétaire,moins de 3000,,2993,21
23,femme,qualifié,propriétaire,moins de 3000,,1943,18
50,homme,qualifié,propriétaire,moins de 3000,,1559,24
47,homme,qualifié,propriétaire,moins de 3000,,3422,18
35,homme,qualifié,propriétaire,,entre 500 et 3000,3976,21
68,homme,qualifié,location,,,6761,18
28,homme,qualifié,propriétaire,moins de 3000,,1249,24
59,homme,qualifié,propriétaire,moins de 3000,moins de 500,1364,9
57,homme,non qualifié,propriétaire,moins de 3000,moins de 500,709,12
33,homme,qualifié,location,moins de 3000,moins de 500,2235,20
43,homme,qualifié,propriétaire,,,4042,24
35,homme,qualifié,gratuit,moins de 3000,,1471,15
32,homme,non qualifié,gratuit,moins de 3000,moins de 500,1442,18
45,homme,qualifié,propriétaire,moins de 3000,,10875,36
33,homme,qualifié,propriétaire,entre 3000 et 10000,,1474,24
40,femme,qualifié,propriétaire,,,894,10
28,homme,qualifié,gratuit,moins de 3000,,3343,15
29,femme,qualifié,propriétaire,moins de 3000,moins de 500,3959,15
26,homme,qualifié,location,entre 3000 et 10000,,3577,9
27,homme,qualifié,propriétaire,entre 10000 et 30000,,5804,24
28,homme,qualifié,propriétaire,moins de 3000,,2169,18
35,femme,qualifié,propriétaire,moins de 3000,moins de 500,2439,24
32,homme,non qualifié,propriétaire,entre 10000 et 30000,,4526,27
25,homme,non qualifié,location,moins de 3000,,2210,10
20,femme,qualifié,location,plus de 30000,,2221,15
27,femme,qualifié,propriétaire,moins de 3000,moins de 500,2389,18
42,homme,qualifié,propriétaire,moins de 3000,,3331,12
37,homme,qualifié,propriétaire,,,7409,36
24,femme,qualifié,location,moins de 3000,moins de 500,652,12
40,femme,qualifié,propriétaire,plus de 30000,,7678,36
46,homme,qualifié,propriétaire,moins de 3000,plus de 3000,1343,6
26,homme,qualifié,propriétaire,entre 3000 et 10000,moins de 500,1382,24
24,femme,qualifié,propriétaire,,,874,15
29,homme,non qualifié,propriétaire,moins de 3000,moins de 500,3590,12
40,femme,qualifié,propriétaire,entre 10000 et 30000,entre 500 et 3000,1322,11
36,homme,hautement qualifié,gratuit,moins de 3000,moins de 500,1940,18
28,homme,qualifié,propriétaire,moins de 3000,,3595,36
27,homme,hautement qualifié,gratuit,moins de 3000,moins de 500,1422,9
36,homme,qualifié,propriétaire,,,6742,30
38,homme,hautement qualifié,propriétaire,moins de 3000,,7814,24
48,homme,qualifié,gratuit,,,9277,24
36,homme,qualifié,propriétaire,,entre 500 et 3000,2181,30
65,femme,non qualifié,propriétaire,moins de 3000,,1098,18
43,homme,qualifié,propriétaire,moins de 3000,entre 500 et 3000,4057,24
53,femme,qualifié,propriétaire,moins de 3000,moins de 500,795,12
34,homme,qualifié,propriétaire,,entre 500 et 3000,2825,24
23,homme,qualifié,propriétaire,moins de 3000,entre 500 et 3000,15672,48
34,homme,hautement qualifié,propriétaire,moins de 3000,,6614,36
40,homme,qualifié,location,,,7824,28
43,homme,hautement qualifié,propriétaire,moins de 3000,moins de 500,2442,27
46,homme,qualifié,propriétaire,moins de 3000,,1829,15
38,homme,non qualifié,propriétaire,moins de 3000,moins de 500,2171,12
34,homme,qualifié,propriétaire,moins de 3000,entre 500 et 3000,5800,36
29,homme,qualifié,propriétaire,,,1169,18
31,homme,hautement qualifié,propriétaire,,,8947,36
28,femme,hautement qualifié,location,moins de 3000,moins de 500,2606,21
35,femme,qualifié,propriétaire,entre 10000 et 30000,,1592,12
33,femme,non qualifié,location,,,2186,15
42,homme,qualifié,propriétaire,moins de 3000,moins de 500,4153,18
43,homme,qualifié,location,moins de 3000,moins de 500,2625,16
44,homme,qualifié,propriétaire,,,3485,20
42,homme,qualifié,gratuit,,,10477,36
40,homme,qualifié,location,,,1386,15
36,homme,hautement qualifié,propriétaire,moins de 3000,,1278,24
20,homme,hautement qualifié,location,moins de 3000,moins de 500,1107,12
24,homme,non qualifié,propriétaire,,moins de 500,3763,21
27,homme,qualifié,propriétaire,,entre 500 et 3000,3711,36
46,femme,non qualifié,propriétaire,moins de 3000,,3594,15
33,femme,non qualifié,propriétaire,,entre 500 et 3000,3195,9
34,femme,qualifié,propriétaire,moins de 3000,,4454,36
25,femme,non qualifié,propriétaire,moins de 3000,entre 500 et 3000,4736,24
25,femme,qualifié,propriétaire,,entre 500 et 3000,2991,30
28,homme,qualifié,propriétaire,entre 10000 et 30000,,2142,11
31,homme,qualifié,location,moins de 3000,moins de 500,3161,24
32,femme,hautement qualifié,propriétaire,moins de 3000,entre 500 et 3000,18424,48
32,homme,qualifié,propriétaire,entre 3000 et 10000,,2848,10
68,homme,hautement qualifié,propriétaire,moins de 3000,moins de 500,14896,6
33,homme,qualifié,propriétaire,entre 3000 et 10000,moins de 500,2359,24
39,homme,hautement qualifié,location,moins de 3000,moins de 500,3345,24
28,femme,qualifié,propriétaire,moins de 3000,,1817,18
37,homme,hautement qualifié,propriétaire,plus de 30000,,12749,48
22,femme,qualifié,location,moins de 3000,moins de 500,1366,9
30,homme,qualifié,location,moins de 3000,entre 500 et 3000,2002,12
55,homme,qualifié,propriétaire,moins de 3000,moins de 500,6872,24
46,homme,qualifié,propriétaire,moins de 3000,moins de 500,697,12
21,femme,qualifié,location,moins de 3000,moins de 500,1049,18
39,homme,qualifié,gratuit,moins de 3000,moins de 500,10297,48
58,homme,qualifié,propriétaire,,,1867,30
43,homme,non qualifié,propriétaire,moins de 3000,moins de 500,1344,12
24,homme,non qualifié,propriétaire,moins de 3000,moins de 500,1747,24
22,femme,qualifié,propriétaire,moins de 3000,entre 500 et 3000,1670,9
30,homme,qualifié,propriétaire,moins de 3000,,1224,9
42,homme,qualifié,propriétaire,plus de 30000,,522,12
23,femme,qualifié,propriétaire,moins de 3000,moins de 500,1498,12
30,homme,hautement qualifié,propriétaire,entre 3000 et 10000,entre 500 et 3000,1919,30
28,femme,non qualifié,propriétaire,moins de 3000,plus de 3000,745,9
30,homme,hautement qualifié,location,moins de 3000,entre 500 et 3000,2063,6
42,homme,qualifié,gratuit,moins de 3000,entre 500 et 3000,6288,60
46,homme,hautement qualifié,propriétaire,,,6842,24
45,homme,hautement qualifié,propriétaire,,,3527,12
31,homme,non qualifié,propriétaire,moins de 3000,,1546,10
31,homme,qualifié,propriétaire,,,929,24
42,homme,non qualifié,propriétaire,moins de 3000,,1455,4
46,femme,qualifié,location,moins de 3000,moins de 500,1845,15
30,femme,qualifié,propriétaire,plus de 30000,entre 500 et 3000,8358,48
30,homme,qualifié,gratuit,plus de 30000,moins de 500,3349,24
38,homme,hautement qualifié,propriétaire,,,2859,12
43,homme,non qualifié,propriétaire,moins de 3000,,1533,18
31,homme,qualifié,propriétaire,entre 3000 et 10000,,3621,24
40,homme,non qualifié,propriétaire,moins de 3000,entre 500 et 3000,3590,18
24,homme,qualifié,propriétaire,moins de 3000,moins de 500,2145,36
28,femme,qualifié,location,plus de 30000,entre 500 et 3000,4113,24
26,femme,hautement qualifié,propriétaire,moins de 3000,,10974,36
29,femme,qualifié,propriétaire,moins de 3000,moins de 500,1893,12
57,femme,hautement qualifié,location,entre 10000 et 30000,moins de 500,1231,24
49,homme,non qualifié,propriétaire,,plus de 3000,3656,30
37,homme,non qualifié,propriétaire,moins de 3000,entre 500 et 3000,1154,9
45,homme,non qualifié,propriétaire,moins de 3000,moins de 500,4006,28
30,homme,qualifié,gratuit,entre 3000 et 10000,entre 500 et 3000,3069,24
30,homme,qualifié,location,moins de 3000,,1740,6
47,homme,qualifié,propriétaire,moins de 3000,entre 500 et 3000,2353,21
29,homme,qualifié,propriétaire,,,3556,15
35,homme,qualifié,propriétaire,plus de 30000,,2397,24
22,homme,non qualifié,propriétaire,moins de 3000,entre 500 et 3000,454,6
26,femme,qualifié,propriétaire,,entre 500 et 3000,1715,30
23,homme,non qualifié,propriétaire,plus de 30000,entre 500 et 3000,2520,27
54,femme,hautement qualifié,location,moins de 3000,,3568,15
29,homme,qualifié,location,,,7166,42
40,homme,non qualifié,propriétaire,moins de 3000,moins de 500,3939,11
22,homme,qualifié,propriétaire,entre 3000 et 10000,entre 500 et 3000,1514,15
43,homme,non qualifié,propriétaire,moins de 3000,,7393,24
29,femme,non qualifié,location,moins de 3000,moins de 500,1193,24
36,homme,qualifié,location,moins de 3000,moins de 500,7297,60
33,femme,qualifié,propriétaire,moins de 3000,,2831,30
57,femme,non qualifié,propriétaire,plus de 30000,plus de 3000,1258,24
64,femme,qualifié,propriétaire,moins de 3000,entre 500 et 3000,753,6
42,homme,qualifié,propriétaire,,entre 500 et 3000,2427,18
47,homme,non qualifié,propriétaire,moins de 3000,,2538,24
25,homme,qualifié,location,entre 3000 et 10000,entre 500 et 3000,1264,15
49,homme,qualifié,propriétaire,moins de 3000,entre 500 et 3000,8386,30
33,homme,hautement qualifié,location,moins de 3000,,4844,48
28,femme,hautement qualifié,propriétaire,entre 3000 et 10000,plus de 3000,2923,21
26,homme,qualifié,propriétaire,moins de 3000,moins de 500,8229,36
30,homme,non qualifié,propriétaire,moins de 3000,,2028,24
25,femme,qualifié,location,moins de 3000,moins de 500,1433,15
33,homme,qualifié,propriétaire,moins de 3000,plus de 3000,6289,42
64,femme,qualifié,propriétaire,entre 3000 et 10000,,1409,13
29,homme,hautement qualifié,gratuit,moins de 3000,moins de 500,6579,24
48,homme,non qualifié,propriétaire,moins de 3000,entre 500 et 3000,1743,24
37,homme,non qualifié,propriétaire,,,3565,12
34,homme,non qualifié,propriétaire,entre 3000 et 10000,,1569,15
23,homme,non qualifié,location,,moins de 500,1936,18
30,homme,hautement qualifié,propriétaire,moins de 3000,moins de 500,3959,36
50,homme,qualifié,propriétaire,,,2390,12
31,femme,non qualifié,propriétaire,moins de 3000,,1736,12
40,homme,hautement qualifié,propriétaire,moins de 3000,moins de 500,3857,30
38,homme,qualifié,propriétaire,moins de 3000,,804,12
23,homme,qualifié,gratuit,moins de 3000,moins de 500,1845,45
27,homme,qualifié,propriétaire,entre 3000 et 10000,entre 500 et 3000,4576,45
